{
    "$schema": "https://schema.management.azure.com/schemas/2015-01-01/deploymentParameters.json#",
    "contentVersion": "1.0.0.0",
    "parameters": {
        "vulnerabilityAssessments_Default_storageContainerPath": {
            "value": null
        },
        "connections_gmail_name": {
            "value": null
        },
        "servers_server_project_apple_name": {
            "value": null
        },
        "actionGroups_ActionGroup_name": {
            "value": null
        },
        "workflows_ADFmailErrorHandlingLApp_name": {
            "value": null
        },
        "storageAccounts_projectstoragegen2_name": {
            "value": null
        },
        "metricalerts_Master_Pipeline_alert_name": {
            "value": null
        },
        "workspaces_LogAnalyticsWorkspacePROJECT_name": {
            "value": null
        },
        "systemTopics_projectstoragegen2_b1cf9c12_6e44_4e0a_b460_f8d14c2bf3f2_name": {
            "value": null
        },
        "factories_ADFprojectApple_externalid": {
            "value": null
        }
    }
}